<?xml version="1.0"?>
<!--
/**
 * Copyright © Magento, Inc. All rights reserved.
 * See COPYING.txt for license details.
 */
-->
<config xmlns:xsi="http://www.w3.org/2001/XMLSchema-instance" xsi:noNamespaceSchemaLocation="urn:magento:framework:ObjectManager/etc/config.xsd">
    <preference for="Magento\Sales\Block\Order\Info" type="Custom\CustomPaymentMethod\Block\Order\Info" />
    <type name="Magento\Checkout\Model\CompositeConfigProvider">
        <arguments>
            <argument name="configProviders" xsi:type="array">
                <item name="offline_payment_instructions_config_provider" xsi:type="object">Custom\CustomPaymentMethod\Model\InstructionsConfigProvider</item>
            </argument>
        </arguments>
    </type>
</config>
